{"cameraMode":{"drawMode":0,"name":"Shaded","section":"Shading Mode"},"sceneLighting":false,"audioPlay":false,"sceneViewState":{"showFog":false,"showMaterialUpdate":false,"showSkybox":false,"showFlares":true,"showImageEffects":true,"showParticleSystems":true,"showVisualEffectGraphs":true,"m_FxEnabled":true},"in2DMode":false,"pivot":{"x":0.9449876546859741,"y":0.3424220085144043,"z":0.009076833724975586},"rotation":{"x":0.06524629890918732,"y":-0.9347543716430664,"z":0.24547447264194489,"w":0.24845686554908753},"size":2.1247451305389406,"orthographic":false}